!	../raw/../raw\yt_Fb2IwaOWm8E\002\!.png
&	../raw/../raw\tw_1518718542786433026\[500]&.png
0	../raw/../raw\tw_1496787201115316234\[900]0.png
1	../raw/../raw\tw_1496787201115316234\[400]1.png	../raw/../raw\yt_i8m4NUPByMA\001\[300]1.png
2	../raw/../raw\yt_wDABrYnUdYY\[400]2.png	../raw/../raw\yt_i8m4NUPByMA\001\[300]2.png
3	../raw/../raw\yt_wDABrYnUdYY\[300]3.png
4	../raw/../raw\yt_wDABrYnUdYY\[400]4.png
5	../raw/../raw\yt_wDABrYnUdYY\[300]5.png
6	../raw/../raw\yt_wDABrYnUdYY\[100]6.png
7	../raw/../raw\yt_wDABrYnUdYY\[300]7.png
@	../raw/../raw\yt_Fb2IwaOWm8E\001\[100]@.png
C	../raw/../raw\tw_1543563599616131077\[100]C.png
H	../raw/../raw\yt_i8m4NUPByMA\004\[100]H.png	../raw/../raw\yt_i8m4NUPByMA\010\[300]H.png
K	../raw/../raw\yt__1g3rkwKrhI\39_30\K.png
M	../raw/../raw\tw_1518718542786433026\[300]M.png
O	../raw/../raw\yt__1g3rkwKrhI\39_30\O.png
P	../raw/../raw\yt_Fb2IwaOWm8E\001\[100]P.png
R	../raw/../raw\yt__1g3rkwKrhI\39_30\R.png
S	../raw/../raw\tw_1543563599616131077\[100]S.png	../raw/../raw\yt_i8m4NUPByMA\004\[100]S.png	../raw/../raw\yt_i8m4NUPByMA\010\[100]S.png
T	../raw/../raw\yt__1g3rkwKrhI\39_30\T.png
U	../raw/../raw\yt__1g3rkwKrhI\39_30\U.png
V	../raw/../raw\tw_1518718542786433026\[400]V.png
X	../raw/../raw\yt_i8m4NUPByMA\003\[300]X.png	../raw/../raw\yt_i8m4NUPByMA\010\[300]X.png
_	../raw/../raw\yt_Fb2IwaOWm8E\001\[100]_.png
a	../raw/../raw\tw_1543563599616131077\[300]a.png	../raw/../raw\yt_Fb2IwaOWm8E\001\[300]a.png
c	../raw/../raw\yt__1g3rkwKrhI\1_13_16\c.png
e	../raw/../raw\tw_1543563599616131077\[300]e.png	../raw/../raw\yt_Fb2IwaOWm8E\001\[300]e.png	../raw/../raw\yt_Fb2IwaOWm8E\002\[700]e.png
h	../raw/../raw\tw_1543563599616131077\[100]h.png	../raw/../raw\yt_i8m4NUPByMA\003\[300]h.png	../raw/../raw\yt_i8m4NUPByMA\009\[300]h.png
i	../raw/../raw\yt_Fb2IwaOWm8E\002\[400]i.png
k	../raw/../raw\tw_1543563599616131077\[100]k.png
l	../raw/../raw\tw_1543563599616131077\l.png	../raw/../raw\yt_Fb2IwaOWm8E\001\l.png	../raw/../raw\yt_i8m4NUPByMA\003\l.png	../raw/../raw\yt_i8m4NUPByMA\009\l.png
m	../raw/../raw\tw_1543563599616131077\[100]m.png
o	../raw/../raw\tw_1543563599616131077\o.png	../raw/../raw\yt_Fb2IwaOWm8E\002\o.png	../raw/../raw\yt_i8m4NUPByMA\003\o.png	../raw/../raw\yt_i8m4NUPByMA\009\o.png
p	../raw/../raw\yt_Fb2IwaOWm8E\003\[400]p.png
r	../raw/../raw\yt_Fb2IwaOWm8E\001\[300]r.png
t	../raw/../raw\tw_1543563599616131077\t.png	../raw/../raw\yt_Fb2IwaOWm8E\002\t.png
u	../raw/../raw\yt_Fb2IwaOWm8E\002\[700]u.png
w	../raw/../raw\yt_i8m4NUPByMA\009\[400]w.png
y	../raw/../raw\yt_Fb2IwaOWm8E\001\[100]y.png
z	../raw/../raw\yt_o-qscNaT_FE\001\[500]z.png
~	../raw/../raw\yt_i8m4NUPByMA\003\[300]~.png	../raw/../raw\yt_i8m4NUPByMA\009\[300]~.png
↑	../raw/../raw\yt__1g3rkwKrhI\1_11_10\↑.png
○	../raw/../raw\yt_i8m4NUPByMA\001\[300]○.png
☆	../raw/../raw\yt__1g3rkwKrhI\57_47\☆.png
♡	../raw/../raw\yt_i8m4NUPByMA\004\[300]♡.png	../raw/../raw\yt_i8m4NUPByMA\009\[300]♡.png
♢	../raw/../raw\yt_Fb2IwaOWm8E\002\♢.png
、	../raw/../raw\yt_Fb2IwaOWm8E\001\[300]、.png
。	../raw/../raw\yt_i8m4NUPByMA\004\[300]。.png	../raw/../raw\yt_i8m4NUPByMA\009\[300]。.png
々	../raw/../raw\yt_YOnasn4-BH0\57_47\々.png
あ	../raw/../raw\yt_aGp1Q3aH_Bk\001\あ.png	../raw/../raw\yt_Fb2IwaOWm8E\001\あ.png	../raw/../raw\yt_i8m4NUPByMA\002\あ.png
い	../raw/../raw\yt_wDABrYnUdYY\い.png	../raw/../raw\yt_Fb2IwaOWm8E\001\い.png	../raw/../raw\yt_i8m4NUPByMA\002\い.png	../raw/../raw\yt_k1kZj6rfFVU\001_fin\い.png
ぅ	../raw/../raw\yt__1g3rkwKrhI\1_07_43\ぅ.png
う	../raw/../raw\yt_aGp1Q3aH_Bk\001\う.png	../raw/../raw\yt_Fb2IwaOWm8E\001\う.png	../raw/../raw\yt_i8m4NUPByMA\002\う.png	../raw/../raw\yt_k1kZj6rfFVU\001_fin\う.png
え	../raw/../raw\yt_Fb2IwaOWm8E\002\え.png	../raw/../raw\yt_i8m4NUPByMA\002\え.png
お	../raw/../raw\yt_wDABrYnUdYY\お.png	../raw/../raw\yt_aGp1Q3aH_Bk\001\お.png	../raw/../raw\yt_Fb2IwaOWm8E\002\お.png	../raw/../raw\yt_i8m4NUPByMA\002\お.png
か	../raw/../raw\yt_aGp1Q3aH_Bk\001\か.png	../raw/../raw\yt_Fb2IwaOWm8E\001\か.png	../raw/../raw\yt_i8m4NUPByMA\002\か.png	../raw/../raw\yt_k1kZj6rfFVU\001_fin\か.png
が	../raw/../raw\yt_Fb2IwaOWm8E\001\が.png	../raw/../raw\yt_i8m4NUPByMA\001\が.png	../raw/../raw\yt_k1kZj6rfFVU\001_fin\が.png
き	../raw/../raw\yt_i8m4NUPByMA\002\き.png	../raw/../raw\yt_k1kZj6rfFVU\001_fin\き.png
ぎ	../raw/../raw\yt_k1kZj6rfFVU\001_fin\ぎ.png
く	../raw/../raw\yt_wDABrYnUdYY\く.png	../raw/../raw\yt_aGp1Q3aH_Bk\001\く.png	../raw/../raw\yt_Fb2IwaOWm8E\001\く.png	../raw/../raw\yt_i8m4NUPByMA\002\く.png	../raw/../raw\yt_k1kZj6rfFVU\001_fin\く.png
ぐ	../raw/../raw\yt_k1kZj6rfFVU\001_fin\ぐ.png
け	../raw/../raw\yt_i8m4NUPByMA\002\け.png	../raw/../raw\yt_k1kZj6rfFVU\001_fin\け.png
げ	../raw/../raw\yt_k1kZj6rfFVU\001_fin\げ.png
こ	../raw/../raw\yt_i8m4NUPByMA\002\こ.png	../raw/../raw\yt_k1kZj6rfFVU\001_fin\こ.png
ご	../raw/../raw\yt_Fb2IwaOWm8E\002\ご.png	../raw/../raw\yt_k1kZj6rfFVU\001_fin\ご.png
さ	../raw/../raw\yt_Fb2IwaOWm8E\001\さ.png	../raw/../raw\yt_Fb2IwaOWm8E\002\さ.png	../raw/../raw\yt_i8m4NUPByMA\002\さ.png
ざ	../raw/../raw\yt__1g3rkwKrhI\45_33\ざ.png
し	../raw/../raw\yt_aGp1Q3aH_Bk\001\し.png	../raw/../raw\yt_Fb2IwaOWm8E\001\し.png	../raw/../raw\yt_i8m4NUPByMA\002\し.png	../raw/../raw\yt_k1kZj6rfFVU\001_fin\し.png
じ	../raw/../raw\yt_wDABrYnUdYY\じ.png	../raw/../raw\yt_k1kZj6rfFVU\001_fin\じ.png
す	../raw/../raw\yt_wDABrYnUdYY\す.png	../raw/../raw\yt_Fb2IwaOWm8E\001\す.png	../raw/../raw\yt_Fb2IwaOWm8E\003\す.png	../raw/../raw\yt_i8m4NUPByMA\002\す.png	../raw/../raw\yt_k1kZj6rfFVU\001_fin\す.png
せ	../raw/../raw\yt_i8m4NUPByMA\002\[300]せ.png
ぜ	../raw/../raw\yt__1g3rkwKrhI\42_28\ぜ.png
そ	../raw/../raw\yt_i8m4NUPByMA\002\[400]そ.png
た	../raw/../raw\yt_wDABrYnUdYY\た.png	../raw/../raw\yt_Fb2IwaOWm8E\001\た.png	../raw/../raw\yt_i8m4NUPByMA\002\た.png	../raw/../raw\yt_TtB0GZLum1w\001\た.png
だ	../raw/../raw\tw_1536226711108747265\だ.png	../raw/../raw\yt_Fb2IwaOWm8E\001\だ.png	../raw/../raw\yt_k1kZj6rfFVU\001_fin\だ.png
ち	../raw/../raw\yt_Fb2IwaOWm8E\001\ち.png	../raw/../raw\yt_i8m4NUPByMA\002\ち.png	../raw/../raw\yt_k1kZj6rfFVU\001_fin\ち.png	../raw/../raw\yt_TtB0GZLum1w\004\ち.png
っ	../raw/../raw\yt_wDABrYnUdYY\っ.png	../raw/../raw\yt_Fb2IwaOWm8E\001\っ.png	../raw/../raw\yt_i8m4NUPByMA\009\っ.png
つ	../raw/../raw\yt_i8m4NUPByMA\002\つ.png	../raw/../raw\yt_k1kZj6rfFVU\001_fin\つ.png
て	../raw/../raw\yt_aGp1Q3aH_Bk\001\て.png	../raw/../raw\yt_Fb2IwaOWm8E\001\て.png	../raw/../raw\yt_Fb2IwaOWm8E\002\て.png	../raw/../raw\yt_i8m4NUPByMA\002\て.png	../raw/../raw\yt_YOnasn4-BH0\57_47\て.png
で	../raw/../raw\yt_Fb2IwaOWm8E\001\で.png	../raw/../raw\yt_i8m4NUPByMA\004\で.png	../raw/../raw\yt_i8m4NUPByMA\009\で.png
と	../raw/../raw\yt_Fb2IwaOWm8E\001\と.png	../raw/../raw\yt_i8m4NUPByMA\002\と.png	../raw/../raw\yt_k1kZj6rfFVU\001_fin\と.png
な	../raw/../raw\yt_Fb2IwaOWm8E\003\な.png	../raw/../raw\yt_i8m4NUPByMA\002\な.png	../raw/../raw\yt_k1kZj6rfFVU\001_fin\な.png	../raw/../raw\yt_YOnasn4-BH0\57_47\な.png
に	../raw/../raw\yt_Fb2IwaOWm8E\001\に.png	../raw/../raw\yt_i8m4NUPByMA\002\に.png	../raw/../raw\yt_k1kZj6rfFVU\001_fin\に.png
ぬ	../raw/../raw\yt_i8m4NUPByMA\002\[300]ぬ.png
ね	../raw/../raw\yt_i8m4NUPByMA\002\ね.png	../raw/../raw\yt_k1kZj6rfFVU\001_fin\ね.png
の	../raw/../raw\yt_Fb2IwaOWm8E\001\の.png	../raw/../raw\yt_i8m4NUPByMA\002\の.png	../raw/../raw\yt_k1kZj6rfFVU\001_fin\の.png
は	../raw/../raw\yt_i8m4NUPByMA\002\[300]は.png	../raw/../raw\yt_YOnasn4-BH0\57_47\は.png
ば	../raw/../raw\yt_YOnasn4-BH0\57_47\ば.png
ぱ	../raw/../raw\yt_wDABrYnUdYY\ぱ.png	../raw/../raw\yt_k1kZj6rfFVU\001_fin\ぱ.png
ひ	../raw/../raw\yt_i8m4NUPByMA\002\[500]ひ.png
ぴ	../raw/../raw\yt_k1kZj6rfFVU\001_fin\ぴ.png
ふ	../raw/../raw\yt_wDABrYnUdYY\ふ.png	../raw/../raw\yt_Fb2IwaOWm8E\002\ふ.png	../raw/../raw\yt_i8m4NUPByMA\002\ふ.png	../raw/../raw\yt_k1kZj6rfFVU\001_fin\ふ.png
ぶ	../raw/../raw\yt_k1kZj6rfFVU\001_fin\ぶ.png
へ	../raw/../raw\yt_i8m4NUPByMA\002\[400]へ.png
ほ	../raw/../raw\yt_i8m4NUPByMA\002\[300]ほ.png
ぽ	../raw/../raw\yt_k1kZj6rfFVU\001_fin\ぽ.png
ま	../raw/../raw\yt_Fb2IwaOWm8E\002\ま.png	../raw/../raw\yt_i8m4NUPByMA\002\ま.png	../raw/../raw\yt_k1kZj6rfFVU\001_fin\ま.png
み	../raw/../raw\yt_wDABrYnUdYY\み.png	../raw/../raw\yt_i8m4NUPByMA\002\み.png	../raw/../raw\yt_YOnasn4-BH0\57_47\み.png
む	../raw/../raw\yt_i8m4NUPByMA\002\む.png	../raw/../raw\yt_k1kZj6rfFVU\001_fin\む.png
め	../raw/../raw\yt_Fb2IwaOWm8E\001\め.png	../raw/../raw\yt_i8m4NUPByMA\002\め.png	../raw/../raw\yt_k1kZj6rfFVU\001_fin\め.png	../raw/../raw\yt_TtB0GZLum1w\001\め.png
も	../raw/../raw\yt_Fb2IwaOWm8E\001\も.png	../raw/../raw\yt_i8m4NUPByMA\002\も.png
ゃ	../raw/../raw\yt_k1kZj6rfFVU\001_fin\ゃ.png
や	../raw/../raw\yt_i8m4NUPByMA\002\や.png	../raw/../raw\yt_k1kZj6rfFVU\001_fin\や.png
ゅ	../raw/../raw\yt_k1kZj6rfFVU\001_fin\ゅ.png
ゆ	../raw/../raw\yt_i8m4NUPByMA\002\[300]ゆ.png
ょ	../raw/../raw\yt_Fb2IwaOWm8E\001\ょ.png	../raw/../raw\yt_k1kZj6rfFVU\001_fin\ょ.png
よ	../raw/../raw\tw_1536226711108747265\よ.png	../raw/../raw\yt_Fb2IwaOWm8E\003\よ.png	../raw/../raw\yt_i8m4NUPByMA\002\よ.png
ら	../raw/../raw\yt_i8m4NUPByMA\002\ら.png	../raw/../raw\yt_k1kZj6rfFVU\001_fin\ら.png
り	../raw/../raw\yt_wDABrYnUdYY\り.png	../raw/../raw\yt_i8m4NUPByMA\002\り.png	../raw/../raw\yt_k1kZj6rfFVU\001_fin\り.png
る	../raw/../raw\yt_Fb2IwaOWm8E\002\る.png	../raw/../raw\yt_i8m4NUPByMA\002\る.png	../raw/../raw\yt_k1kZj6rfFVU\001_fin\る.png
れ	../raw/../raw\yt_wDABrYnUdYY\れ.png	../raw/../raw\yt_aGp1Q3aH_Bk\001\れ.png	../raw/../raw\yt_Fb2IwaOWm8E\002\れ.png	../raw/../raw\yt_i8m4NUPByMA\002\れ.png	../raw/../raw\yt_k1kZj6rfFVU\001_fin\れ.png
ろ	../raw/../raw\yt_i8m4NUPByMA\002\ろ.png	../raw/../raw\yt_k1kZj6rfFVU\001_fin\ろ.png
わ	../raw/../raw\yt_Fb2IwaOWm8E\001\わ.png	../raw/../raw\yt_Fb2IwaOWm8E\002\わ.png	../raw/../raw\yt_i8m4NUPByMA\002\わ.png	../raw/../raw\yt_TtB0GZLum1w\001\わ.png
を	../raw/../raw\yt_Fb2IwaOWm8E\001\を.png	../raw/../raw\yt_i8m4NUPByMA\002\を.png
ん	../raw/../raw\yt_wDABrYnUdYY\ん.png	../raw/../raw\yt_Fb2IwaOWm8E\001\ん.png	../raw/../raw\yt_i8m4NUPByMA\002\ん.png	../raw/../raw\yt_k1kZj6rfFVU\001_fin\ん.png	../raw/../raw\yt_YOnasn4-BH0\57_47\ん.png
゛	../raw/../raw\tw_1536226711108747265\゛.png
ア	../raw/../raw\tw_1496787201115316234\ア.png	../raw/../raw\yt_TtB0GZLum1w\002\ア.png
ィ	../raw/../raw\yt_i8m4NUPByMA\004\ィ.png	../raw/../raw\yt_i8m4NUPByMA\009\ィ.png
イ	../raw/../raw\yt_Fb2IwaOWm8E\001\イ.png	../raw/../raw\yt_i8m4NUPByMA\003\イ.png	../raw/../raw\yt_i8m4NUPByMA\009\イ.png	../raw/../raw\yt_TtB0GZLum1w\001\イ.png
ゥ	../raw/../raw\yt__1g3rkwKrhI\1_07_43\ゥ.png
ウ	../raw/../raw\yt_wDABrYnUdYY\ウ.png
エ	../raw/../raw\yt_TtB0GZLum1w\003\エ.png
ォ	../raw/../raw\yt_wDABrYnUdYY\ォ.png
カ	../raw/../raw\yt_Fb2IwaOWm8E\002\カ.png
キ	../raw/../raw\yt_Fb2IwaOWm8E\001\キ.png	../raw/../raw\yt_i8m4NUPByMA\003\キ.png	../raw/../raw\yt_i8m4NUPByMA\009\キ.png	../raw/../raw\yt_TtB0GZLum1w\002\キ.png
ク	../raw/../raw\tw_1543563599616131077\[100]ク.png	../raw/../raw\yt_wDABrYnUdYY\ク.png	../raw/../raw\yt_i8m4NUPByMA\001\ク.png
ケ	../raw/../raw\yt_i8m4NUPByMA\009\ケ.png
コ	../raw/../raw\yt__1g3rkwKrhI\49_27\コ.png
ザ	../raw/../raw\yt_Fb2IwaOWm8E\003\ザ.png
ス	../raw/../raw\yt_wDABrYnUdYY\ス.png	../raw/../raw\yt_Fb2IwaOWm8E\001\ス.png	../raw/../raw\yt_Fb2IwaOWm8E\002\ス.png	../raw/../raw\yt_i8m4NUPByMA\003\ス.png	../raw/../raw\yt_i8m4NUPByMA\009\ス.png
セ	../raw/../raw\yt_Fb2IwaOWm8E\001\セ.png
ゼ	../raw/../raw\yt_TtB0GZLum1w\002\ゼ.png
チ	../raw/../raw\yt_wDABrYnUdYY\チ.png
ッ	../raw/../raw\yt_wDABrYnUdYY\ッ.png
デ	../raw/../raw\yt_Fb2IwaOWm8E\003\デ.png	../raw/../raw\yt_i8m4NUPByMA\004\デ.png	../raw/../raw\yt_i8m4NUPByMA\009\デ.png
ト	../raw/../raw\yt_wDABrYnUdYY\ト.png	../raw/../raw\yt_Fb2IwaOWm8E\001\ト.png
ド	../raw/../raw\yt__1g3rkwKrhI\1_20_53\ド.png
ナ	../raw/../raw\yt_Fb2IwaOWm8E\003\ナ.png
ニ	../raw/../raw\tw_1496787201115316234\ニ.png
ネ	../raw/../raw\yt_i8m4NUPByMA\004\ネ.png	../raw/../raw\yt_i8m4NUPByMA\009\ネ.png
ノ	../raw/../raw\yt_TtB0GZLum1w\003\ノ.png
ハ	../raw/../raw\yt_i8m4NUPByMA\004\ハ.png	../raw/../raw\yt_i8m4NUPByMA\009\ハ.png
バ	../raw/../raw\yt_i8m4NUPByMA\003\バ.png	../raw/../raw\yt_i8m4NUPByMA\009\バ.png
パ	../raw/../raw\yt_Fb2IwaOWm8E\001\パ.png	../raw/../raw\yt_Fb2IwaOWm8E\002\パ.png	../raw/../raw\yt_TtB0GZLum1w\001\パ.png
ブ	../raw/../raw\yt_i8m4NUPByMA\004\ブ.png	../raw/../raw\yt_i8m4NUPByMA\009\ブ.png
プ	../raw/../raw\yt_wDABrYnUdYY\プ.png	../raw/../raw\yt_i8m4NUPByMA\003\プ.png	../raw/../raw\yt_i8m4NUPByMA\009\プ.png
ヘ	../raw/../raw\yt_i8m4NUPByMA\009\ヘ.png
ペ	../raw/../raw\yt__1g3rkwKrhI\49_27\ペ.png
ホ	../raw/../raw\yt_Fb2IwaOWm8E\003\ホ.png
マ	../raw/../raw\tw_1496787201115316234\マ.png	../raw/../raw\yt_Fb2IwaOWm8E\001\マ.png	../raw/../raw\yt_Fb2IwaOWm8E\002\マ.png	../raw/../raw\yt_Fb2IwaOWm8E\003\マ.png
ミ	../raw/../raw\yt__1g3rkwKrhI\1_20_53\ミ.png
ム	../raw/../raw\yt_Fb2IwaOWm8E\003\ム.png
メ	../raw/../raw\yt_i8m4NUPByMA\003\メ.png	../raw/../raw\yt_i8m4NUPByMA\009\メ.png
モ	../raw/../raw\yt_i8m4NUPByMA\004\モ.png	../raw/../raw\yt_i8m4NUPByMA\009\モ.png
ラ	../raw/../raw\yt_Fb2IwaOWm8E\001\ラ.png	../raw/../raw\yt_i8m4NUPByMA\003\ラ.png	../raw/../raw\yt_i8m4NUPByMA\009\ラ.png
リ	../raw/../raw\yt_Fb2IwaOWm8E\001\リ.png	../raw/../raw\yt_Fb2IwaOWm8E\002\リ.png	../raw/../raw\yt_Fb2IwaOWm8E\003\リ.png
ル	../raw/../raw\tw_1496787201115316234\ル.png	../raw/../raw\yt_TtB0GZLum1w\003\ル.png
レ	../raw/../raw\yt_Fb2IwaOWm8E\001\レ.png	../raw/../raw\yt_i8m4NUPByMA\003\レ.png	../raw/../raw\yt_i8m4NUPByMA\009\レ.png
ロ	../raw/../raw\tw_1543563599616131077\[300]ロ.png	../raw/../raw\yt_wDABrYnUdYY\ロ.png	../raw/../raw\yt_i8m4NUPByMA\001\ロ.png	../raw/../raw\yt_TtB0GZLum1w\002\ロ.png
ヱ	../raw/../raw\tw_1543563599616131077\[100]ヱ.png	../raw/../raw\yt_wDABrYnUdYY\ヱ.png	../raw/../raw\yt_i8m4NUPByMA\001\ヱ.png
ン	../raw/../raw\yt_i8m4NUPByMA\003\ン.png	../raw/../raw\yt_i8m4NUPByMA\004\ン.png	../raw/../raw\yt_i8m4NUPByMA\009\ン.png
・	../raw/../raw\yt_i8m4NUPByMA\004\・.png	../raw/../raw\yt_i8m4NUPByMA\009\・.png
ー	../raw/../raw\yt_i8m4NUPByMA\003\ー.png	../raw/../raw\yt_k1kZj6rfFVU\001_fin\ー.png
一	../raw/../raw\yt_i8m4NUPByMA\001\一.png
万	../raw/../raw\tw_1496787201115316234\万.png
人	../raw/../raw\yt_Fb2IwaOWm8E\001\人.png	../raw/../raw\yt_i8m4NUPByMA\001\人.png
今	../raw/../raw\yt_YOnasn4-BH0\57_47\今.png
仕	../raw/../raw\yt_Fb2IwaOWm8E\003\仕.png
代	../raw/../raw\yt_i8m4NUPByMA\006\代.png
件	../raw/../raw\yt_i8m4NUPByMA\001\件.png
企	../raw/../raw\tw_1518718542786433026\企.png	../raw/../raw\yt_Fb2IwaOWm8E\003\企.png
何	../raw/../raw\yt_i8m4NUPByMA\005\何.png
作	../raw/../raw\yt_i8m4NUPByMA\006\作.png
使	../raw/../raw\yt_Fb2IwaOWm8E\001\使.png
例	../raw/../raw\yt_Fb2IwaOWm8E\002\例.png
僕	../raw/../raw\yt_i8m4NUPByMA\004\僕.png
元	../raw/../raw\yt_YOnasn4-BH0\57_47\元.png
先	../raw/../raw\yt_TtB0GZLum1w\001\先.png	../raw/../raw\yt_TtB0GZLum1w\003\先.png
入	../raw/../raw\yt_wDABrYnUdYY\入.png	../raw/../raw\yt_Fb2IwaOWm8E\002\入.png
全	../raw/../raw\yt_Fb2IwaOWm8E\002\全.png
公	../raw/../raw\tw_1518718542786433026\公.png
処	../raw/../raw\yt_i8m4NUPByMA\005\処.png
出	../raw/../raw\yt_Fb2IwaOWm8E\002\出.png
分	../raw/../raw\yt_i8m4NUPByMA\004\分.png
力	../raw/../raw\yt_YOnasn4-BH0\57_47\力.png
動	../raw/../raw\yt_i8m4NUPByMA\003\動.png
又	../raw/../raw\yt_i8m4NUPByMA\001\又.png
叉	../raw/../raw\tw_1543563599616131077\[100]叉.png	../raw/../raw\yt_wDABrYnUdYY\[100]叉.png	../raw/../raw\yt_Fb2IwaOWm8E\001\叉.png
口	../raw/../raw\yt_wDABrYnUdYY\口.png
叶	../raw/../raw\yt_Fb2IwaOWm8E\002\叶.png
合	../raw/../raw\yt_aGp1Q3aH_Bk\001\合.png
同	../raw/../raw\yt_i8m4NUPByMA\001\同.png
君	../raw/../raw\yt_i8m4NUPByMA\004\君.png
周	../raw/../raw\yt_fzlZDM_M5bk\1_05_13\周.png
味	../raw/../raw\yt_i8m4NUPByMA\004\味.png
四	../raw/../raw\yt_wDABrYnUdYY\四.png
回	../raw/../raw\tw_1496787201115316234\回.png
国	../raw/../raw\yt_Fb2IwaOWm8E\002\国.png
大	../raw/../raw\yt_wDABrYnUdYY\大.png
天	../raw/../raw\yt_Fb2IwaOWm8E\002\天.png
女	../raw/../raw\yt_Fb2IwaOWm8E\001\女.png
好	../raw/../raw\yt_YOnasn4-BH0\57_47\好.png
始	../raw/../raw\yt_YOnasn4-BH0\57_47\始.png
姫	../raw/../raw\yt_wDABrYnUdYY\姫.png
子	../raw/../raw\yt_Fb2IwaOWm8E\001\子.png
字	../raw/../raw\yt_wDABrYnUdYY\字.png	../raw/../raw\yt_i8m4NUPByMA\001\字.png
宝	../raw/../raw\yt_Fb2IwaOWm8E\002\宝.png
密	../raw/../raw\tw_1536226711108747265\密.png
屋	../raw/../raw\yt_Fb2IwaOWm8E\003\屋.png	../raw/../raw\yt_i8m4NUPByMA\003\屋.png
山	../raw/../raw\yt_YOnasn4-BH0\57_47\山.png
年	../raw/../raw\yt_YOnasn4-BH0\57_47\年.png
引	../raw/../raw\yt_Fb2IwaOWm8E\002\引.png
張	../raw/../raw\yt_Fb2IwaOWm8E\001\張.png
強	../raw/../raw\yt_Fb2IwaOWm8E\003\強.png
当	../raw/../raw\yt_wDABrYnUdYY\当.png
彦	../raw/../raw\yt_wDABrYnUdYY\彦.png
心	../raw/../raw\yt_i8m4NUPByMA\004\心.png
応	../raw/../raw\yt_YOnasn4-BH0\57_47\応.png
情	../raw/../raw\yt_Fb2IwaOWm8E\002\情.png
意	../raw/../raw\yt_i8m4NUPByMA\004\意.png
愛	../raw/../raw\yt_aGp1Q3aH_Bk\001\愛.png	../raw/../raw\yt_i8m4NUPByMA\004\愛.png
感	../raw/../raw\yt_Fb2IwaOWm8E\002\感.png
慣	../raw/../raw\yt_i8m4NUPByMA\001\慣.png
才	../raw/../raw\yt_Fb2IwaOWm8E\002\才.png
指	../raw/../raw\yt_i8m4NUPByMA\004\指.png
支	../raw/../raw\yt_YOnasn4-BH0\57_47\支.png
放	../raw/../raw\yt_Fb2IwaOWm8E\002\放.png
敵	../raw/../raw\yt_Fb2IwaOWm8E\003\敵.png
文	../raw/../raw\yt_wDABrYnUdYY\文.png
日	../raw/../raw\yt_YOnasn4-BH0\57_47\日.png
早	../raw/../raw\yt_wDABrYnUdYY\早.png
星	../raw/../raw\yt_wDABrYnUdYY\星.png
書	../raw/../raw\yt_i8m4NUPByMA\001\書.png
最	../raw/../raw\yt_Fb2IwaOWm8E\003\最.png
望	../raw/../raw\yt_Fb2IwaOWm8E\002\望.png
本	../raw/../raw\yt_Fb2IwaOWm8E\001\本.png
来	../raw/../raw\yt_YOnasn4-BH0\57_47\来.png
楽	../raw/../raw\yt_YOnasn4-BH0\57_47\楽.png
様	../raw/../raw\yt_Fb2IwaOWm8E\003\様.png
歌	../raw/../raw\yt_Fb2IwaOWm8E\003\歌.png
母	../raw/../raw\yt_i8m4NUPByMA\006\母.png
気	../raw/../raw\yt_i8m4NUPByMA\003\気.png
汚	../raw/../raw\yt_i8m4NUPByMA\001\汚.png
江	../raw/../raw\yt_Fb2IwaOWm8E\002\江.png
沙	../raw/../raw\tw_1543563599616131077\[100]沙.png	../raw/../raw\yt_wDABrYnUdYY\[100]沙.png	../raw/../raw\yt_Fb2IwaOWm8E\001\沙.png	../raw/../raw\yt_i8m4NUPByMA\001\沙.png
沢	../raw/../raw\yt_YOnasn4-BH0\57_47\沢.png
活	../raw/../raw\yt_i8m4NUPByMA\003\活.png
燈	../raw/../raw\yt_Fb2IwaOWm8E\002\燈.png
物	../raw/../raw\yt_i8m4NUPByMA\001\物.png
猫	../raw/../raw\yt__1g3rkwKrhI\52_40\猫.png
生	../raw/../raw\yt_vebSLR2aK1A\51_05\生.png
産	../raw/../raw\yt_Fb2IwaOWm8E\001\産.png
由	../raw/../raw\yt_i8m4NUPByMA\003\由.png
画	../raw/../raw\tw_1518718542786433026\画.png	../raw/../raw\yt_Fb2IwaOWm8E\003\画.png
発	../raw/../raw\tw_1518718542786433026\発.png
皆	../raw/../raw\yt_i8m4NUPByMA\001\皆.png
直	../raw/../raw\yt__1g3rkwKrhI\36_00\直.png
秘	../raw/../raw\tw_1536226711108747265\秘.png
素	../raw/../raw\yt_Fb2IwaOWm8E\003\素.png
絵	../raw/../raw\yt__1g3rkwKrhI\52_40\絵.png
緒	../raw/../raw\yt_fzlZDM_M5bk\1_05_13\緒.png
縮	../raw/../raw\yt_Fb2IwaOWm8E\001\縮.png
織	../raw/../raw\yt_wDABrYnUdYY\織.png
自	../raw/../raw\yt_i8m4NUPByMA\003\自.png
良	../raw/../raw\yt_Fb2IwaOWm8E\001\良.png
色	../raw/../raw\yt_Fb2IwaOWm8E\001\色.png
花	../raw/../raw\tw_1543563599616131077\[100]花.png	../raw/../raw\yt_wDABrYnUdYY\[100]花.png	../raw/../raw\yt_Fb2IwaOWm8E\001\花.png	../raw/../raw\yt_i8m4NUPByMA\001\花.png
葉	../raw/../raw\yt_wDABrYnUdYY\葉.png
薇	../raw/../raw\yt_wDABrYnUdYY\薇.png
薔	../raw/../raw\yt_wDABrYnUdYY\薔.png
行	../raw/../raw\yt_i8m4NUPByMA\005\行.png
表	../raw/../raw\tw_1518718542786433026\表.png	../raw/../raw\yt_Fb2IwaOWm8E\002\表.png
要	../raw/../raw\yt_Fb2IwaOWm8E\002\要.png
見	../raw/../raw\yt_YOnasn4-BH0\57_47\見.png
言	../raw/../raw\yt_wDABrYnUdYY\言.png
誕	../raw/../raw\yt_vebSLR2aK1A\51_05\誕.png
読	../raw/../raw\yt_i8m4NUPByMA\001\読.png
調	../raw/../raw\yt_YOnasn4-BH0\57_47\調.png
追	../raw/../raw\yt_i8m4NUPByMA\005\追.png
過	../raw/../raw\yt_fzlZDM_M5bk\1_05_13\過.png
部	../raw/../raw\yt_Fb2IwaOWm8E\002\部.png	../raw/../raw\yt_Fb2IwaOWm8E\003\部.png	../raw/../raw\yt_i8m4NUPByMA\003\部.png
配	../raw/../raw\yt_i8m4NUPByMA\006\配.png
開	../raw/../raw\tw_1518718542786433026\開.png
間	../raw/../raw\yt_Fb2IwaOWm8E\002\間.png
順	../raw/../raw\yt_YOnasn4-BH0\57_47\順.png
頑	../raw/../raw\yt_YOnasn4-BH0\57_47\頑.png
題	../raw/../raw\yt_Fb2IwaOWm8E\002\題.png
風	../raw/../raw\yt_wDABrYnUdYY\風.png
食	../raw/../raw\yt_i8m4NUPByMA\006\食.png
飲	../raw/../raw\yt_i8m4NUPByMA\006\飲.png
馬	../raw/../raw\yt__1g3rkwKrhI\52_40\馬.png
髪	../raw/../raw\yt_Fb2IwaOWm8E\002\髪.png
鷹	../raw/../raw\yt_i8m4NUPByMA\004\鷹.png
！	../raw/../raw\yt_i8m4NUPByMA\001\！.png
＜	../raw/../raw\yt_wDABrYnUdYY\002\＜.png
＞	../raw/../raw\yt_wDABrYnUdYY\002\＞.png
？	../raw/../raw\yt_i8m4NUPByMA\001\？.png
～	../raw/../raw\tw_1536226711108747265\[300]～.png
